filename,true_label,pred_prob,pred_label,correct,bucket
e:\Ayusman SDP Lab 3\Dataset\test\cats\cat_1.jpg,0,0.16730424761772156,0,True,correct
e:\Ayusman SDP Lab 3\Dataset\test\cats\cat_106.jpg,0,1.7137976101366803e-05,0,True,correct
e:\Ayusman SDP Lab 3\Dataset\test\cats\cat_109.jpg,0,7.995584746822715e-05,0,True,correct
e:\Ayusman SDP Lab 3\Dataset\test\cats\cat_113.jpg,0,0.23258984088897705,0,True,correct
e:\Ayusman SDP Lab 3\Dataset\test\cats\cat_114.jpg,0,0.0021686945110559464,0,True,correct
e:\Ayusman SDP Lab 3\Dataset\test\cats\cat_116.jpg,0,0.000536358158569783,0,True,correct
e:\Ayusman SDP Lab 3\Dataset\test\cats\cat_118.jpg,0,0.042120225727558136,0,True,correct
e:\Ayusman SDP Lab 3\Dataset\test\cats\cat_119.jpg,0,0.22392496466636658,0,True,correct
e:\Ayusman SDP Lab 3\Dataset\test\cats\cat_124.jpg,0,7.325378828682005e-05,0,True,correct
e:\Ayusman SDP Lab 3\Dataset\test\cats\cat_140.jpg,0,0.001597853028215468,0,True,correct
e:\Ayusman SDP Lab 3\Dataset\test\cats\cat_147.jpg,0,0.0054924143478274345,0,True,correct
e:\Ayusman SDP Lab 3\Dataset\test\cats\cat_156.jpg,0,0.3019578158855438,0,True,correct
e:\Ayusman SDP Lab 3\Dataset\test\cats\cat_158.jpg,0,0.0005569136701524258,0,True,correct
e:\Ayusman SDP Lab 3\Dataset\test\cats\cat_162.jpg,0,0.16090840101242065,0,True,correct
e:\Ayusman SDP Lab 3\Dataset\test\cats\cat_18.jpg,0,0.0012896453263238072,0,True,correct
e:\Ayusman SDP Lab 3\Dataset\test\cats\cat_190.jpg,0,0.0004744398465845734,0,True,correct
e:\Ayusman SDP Lab 3\Dataset\test\cats\cat_203.jpg,0,0.4994311034679413,0,True,low_confidence
e:\Ayusman SDP Lab 3\Dataset\test\cats\cat_223.jpg,0,0.0016696180682629347,0,True,correct
e:\Ayusman SDP Lab 3\Dataset\test\cats\cat_234.jpg,0,7.948739221319556e-05,0,True,correct
e:\Ayusman SDP Lab 3\Dataset\test\cats\cat_244.jpg,0,0.6734038591384888,1,False,false_positive_cat_to_dog
e:\Ayusman SDP Lab 3\Dataset\test\cats\cat_251.jpg,0,3.266006751800887e-05,0,True,correct
e:\Ayusman SDP Lab 3\Dataset\test\cats\cat_255.jpg,0,7.358832226600498e-05,0,True,correct
e:\Ayusman SDP Lab 3\Dataset\test\cats\cat_268.jpg,0,0.6383562088012695,1,False,false_positive_cat_to_dog
e:\Ayusman SDP Lab 3\Dataset\test\cats\cat_279.jpg,0,0.20003747940063477,0,True,correct
e:\Ayusman SDP Lab 3\Dataset\test\cats\cat_281.jpg,0,0.07875771075487137,0,True,correct
e:\Ayusman SDP Lab 3\Dataset\test\cats\cat_290.jpg,0,0.002283213660120964,0,True,correct
e:\Ayusman SDP Lab 3\Dataset\test\cats\cat_306.jpg,0,0.20163708925247192,0,True,correct
e:\Ayusman SDP Lab 3\Dataset\test\cats\cat_313.jpg,0,0.004614521283656359,0,True,correct
e:\Ayusman SDP Lab 3\Dataset\test\cats\cat_332.jpg,0,1.8424573227093788e-06,0,True,correct
e:\Ayusman SDP Lab 3\Dataset\test\cats\cat_341.jpg,0,2.8365047910483554e-05,0,True,correct
e:\Ayusman SDP Lab 3\Dataset\test\cats\cat_342.jpg,0,0.0016265519661828876,0,True,correct
e:\Ayusman SDP Lab 3\Dataset\test\cats\cat_355.jpg,0,0.007134616374969482,0,True,correct
e:\Ayusman SDP Lab 3\Dataset\test\cats\cat_358.jpg,0,8.285703188448679e-06,0,True,correct
e:\Ayusman SDP Lab 3\Dataset\test\cats\cat_371.jpg,0,0.9810425639152527,1,False,false_positive_cat_to_dog
e:\Ayusman SDP Lab 3\Dataset\test\cats\cat_375.jpg,0,0.0049644638784229755,0,True,correct
e:\Ayusman SDP Lab 3\Dataset\test\cats\cat_384.jpg,0,0.0023303949274122715,0,True,correct
e:\Ayusman SDP Lab 3\Dataset\test\cats\cat_395.jpg,0,0.002799141453579068,0,True,correct
e:\Ayusman SDP Lab 3\Dataset\test\cats\cat_417.jpg,0,0.00038829148979857564,0,True,correct
e:\Ayusman SDP Lab 3\Dataset\test\cats\cat_418.jpg,0,0.0002678388264030218,0,True,correct
e:\Ayusman SDP Lab 3\Dataset\test\cats\cat_422.jpg,0,2.8240996471140534e-05,0,True,correct
e:\Ayusman SDP Lab 3\Dataset\test\cats\cat_430.jpg,0,0.025417694821953773,0,True,correct
e:\Ayusman SDP Lab 3\Dataset\test\cats\cat_433.jpg,0,2.0722214685520157e-05,0,True,correct
e:\Ayusman SDP Lab 3\Dataset\test\cats\cat_446.jpg,0,0.38265490531921387,0,True,correct
e:\Ayusman SDP Lab 3\Dataset\test\cats\cat_464.jpg,0,0.9045975208282471,1,False,false_positive_cat_to_dog
e:\Ayusman SDP Lab 3\Dataset\test\cats\cat_468.jpg,0,0.9103836417198181,1,False,false_positive_cat_to_dog
e:\Ayusman SDP Lab 3\Dataset\test\cats\cat_473.jpg,0,0.06549549102783203,0,True,correct
e:\Ayusman SDP Lab 3\Dataset\test\cats\cat_496.jpg,0,0.038451727479696274,0,True,correct
e:\Ayusman SDP Lab 3\Dataset\test\cats\cat_5.jpg,0,0.0019213731866329908,0,True,correct
e:\Ayusman SDP Lab 3\Dataset\test\cats\cat_504.jpg,0,5.67242932447698e-05,0,True,correct
e:\Ayusman SDP Lab 3\Dataset\test\cats\cat_520.jpg,0,0.9346510171890259,1,False,false_positive_cat_to_dog
e:\Ayusman SDP Lab 3\Dataset\test\cats\cat_523.jpg,0,0.00010045291855931282,0,True,correct
e:\Ayusman SDP Lab 3\Dataset\test\cats\cat_525.jpg,0,3.329172977828421e-05,0,True,correct
e:\Ayusman SDP Lab 3\Dataset\test\cats\cat_528.jpg,0,4.14596570408321e-06,0,True,correct
e:\Ayusman SDP Lab 3\Dataset\test\cats\cat_538.jpg,0,0.016456663608551025,0,True,correct
e:\Ayusman SDP Lab 3\Dataset\test\cats\cat_542.jpg,0,0.4055745601654053,0,True,low_confidence
e:\Ayusman SDP Lab 3\Dataset\test\cats\cat_545.jpg,0,0.013448445126414299,0,True,correct
e:\Ayusman SDP Lab 3\Dataset\test\cats\cat_551.jpg,0,1.018229522742331e-05,0,True,correct
e:\Ayusman SDP Lab 3\Dataset\test\cats\cat_56.jpg,0,0.00034219553344883025,0,True,correct
e:\Ayusman SDP Lab 3\Dataset\test\cats\cat_564.jpg,0,0.1086089089512825,0,True,correct
e:\Ayusman SDP Lab 3\Dataset\test\cats\cat_574.jpg,0,0.024372555315494537,0,True,correct
e:\Ayusman SDP Lab 3\Dataset\test\cats\cat_575.jpg,0,0.0001141612374340184,0,True,correct
e:\Ayusman SDP Lab 3\Dataset\test\cats\cat_583.jpg,0,0.00010808603110490367,0,True,correct
e:\Ayusman SDP Lab 3\Dataset\test\cats\cat_585.jpg,0,0.0004477676411624998,0,True,correct
e:\Ayusman SDP Lab 3\Dataset\test\cats\cat_586.jpg,0,0.2445606291294098,0,True,correct
e:\Ayusman SDP Lab 3\Dataset\test\cats\cat_587.jpg,0,0.9302182793617249,1,False,false_positive_cat_to_dog
e:\Ayusman SDP Lab 3\Dataset\test\cats\cat_595.jpg,0,0.8014784455299377,1,False,false_positive_cat_to_dog
e:\Ayusman SDP Lab 3\Dataset\test\cats\cat_60.jpg,0,0.9654889106750488,1,False,false_positive_cat_to_dog
e:\Ayusman SDP Lab 3\Dataset\test\cats\cat_88.jpg,0,0.1517501324415207,0,True,correct
e:\Ayusman SDP Lab 3\Dataset\test\cats\cat_94.jpg,0,0.04277942702174187,0,True,correct
e:\Ayusman SDP Lab 3\Dataset\test\cats\cat_96.jpg,0,0.00016304753080476075,0,True,correct
e:\Ayusman SDP Lab 3\Dataset\test\dogs\dog_114.jpg,1,0.9999823570251465,1,True,correct
e:\Ayusman SDP Lab 3\Dataset\test\dogs\dog_123.jpg,1,0.9120683670043945,1,True,correct
e:\Ayusman SDP Lab 3\Dataset\test\dogs\dog_124.jpg,1,0.9958891868591309,1,True,correct
e:\Ayusman SDP Lab 3\Dataset\test\dogs\dog_130.jpg,1,0.9638747572898865,1,True,correct
e:\Ayusman SDP Lab 3\Dataset\test\dogs\dog_141.jpg,1,0.39244961738586426,0,False,false_negative_dog_to_cat
e:\Ayusman SDP Lab 3\Dataset\test\dogs\dog_142.jpg,1,0.9894987344741821,1,True,correct
e:\Ayusman SDP Lab 3\Dataset\test\dogs\dog_147.jpg,1,0.9902886748313904,1,True,correct
e:\Ayusman SDP Lab 3\Dataset\test\dogs\dog_150.jpg,1,0.9929381012916565,1,True,correct
e:\Ayusman SDP Lab 3\Dataset\test\dogs\dog_155.jpg,1,0.9999775886535645,1,True,correct
e:\Ayusman SDP Lab 3\Dataset\test\dogs\dog_159.jpg,1,0.9893507957458496,1,True,correct
e:\Ayusman SDP Lab 3\Dataset\test\dogs\dog_168.jpg,1,0.9999913573265076,1,True,correct
e:\Ayusman SDP Lab 3\Dataset\test\dogs\dog_173.jpg,1,0.9988592863082886,1,True,correct
e:\Ayusman SDP Lab 3\Dataset\test\dogs\dog_177.jpg,1,0.9987119436264038,1,True,correct
e:\Ayusman SDP Lab 3\Dataset\test\dogs\dog_181.jpg,1,0.9996165037155151,1,True,correct
e:\Ayusman SDP Lab 3\Dataset\test\dogs\dog_191.jpg,1,0.8644335865974426,1,True,correct
e:\Ayusman SDP Lab 3\Dataset\test\dogs\dog_194.jpg,1,0.9942232966423035,1,True,correct
e:\Ayusman SDP Lab 3\Dataset\test\dogs\dog_196.jpg,1,0.7731677293777466,1,True,correct
e:\Ayusman SDP Lab 3\Dataset\test\dogs\dog_197.jpg,1,0.9448733925819397,1,True,correct
e:\Ayusman SDP Lab 3\Dataset\test\dogs\dog_211.jpg,1,0.9999818801879883,1,True,correct
e:\Ayusman SDP Lab 3\Dataset\test\dogs\dog_213.jpg,1,0.9526750445365906,1,True,correct
e:\Ayusman SDP Lab 3\Dataset\test\dogs\dog_219.jpg,1,0.9739272594451904,1,True,correct
e:\Ayusman SDP Lab 3\Dataset\test\dogs\dog_227.jpg,1,0.5152723789215088,1,True,low_confidence
e:\Ayusman SDP Lab 3\Dataset\test\dogs\dog_229.jpg,1,0.8850304484367371,1,True,correct
e:\Ayusman SDP Lab 3\Dataset\test\dogs\dog_236.jpg,1,0.999862015247345,1,True,correct
e:\Ayusman SDP Lab 3\Dataset\test\dogs\dog_237.jpg,1,0.49893179535865784,0,False,false_negative_dog_to_cat
e:\Ayusman SDP Lab 3\Dataset\test\dogs\dog_240.jpg,1,0.5953903198242188,1,True,low_confidence
e:\Ayusman SDP Lab 3\Dataset\test\dogs\dog_244.jpg,1,0.6625495553016663,1,True,correct
e:\Ayusman SDP Lab 3\Dataset\test\dogs\dog_258.jpg,1,0.6261980533599854,1,True,correct
e:\Ayusman SDP Lab 3\Dataset\test\dogs\dog_28.jpg,1,0.9995859265327454,1,True,correct
e:\Ayusman SDP Lab 3\Dataset\test\dogs\dog_283.jpg,1,0.9673531651496887,1,True,correct
e:\Ayusman SDP Lab 3\Dataset\test\dogs\dog_302.jpg,1,0.9860790967941284,1,True,correct
e:\Ayusman SDP Lab 3\Dataset\test\dogs\dog_303.jpg,1,0.9995477795600891,1,True,correct
e:\Ayusman SDP Lab 3\Dataset\test\dogs\dog_313.jpg,1,0.9996697902679443,1,True,correct
e:\Ayusman SDP Lab 3\Dataset\test\dogs\dog_327.jpg,1,0.9985502362251282,1,True,correct
e:\Ayusman SDP Lab 3\Dataset\test\dogs\dog_344.jpg,1,0.9617788195610046,1,True,correct
e:\Ayusman SDP Lab 3\Dataset\test\dogs\dog_354.jpg,1,0.9999862909317017,1,True,correct
e:\Ayusman SDP Lab 3\Dataset\test\dogs\dog_355.jpg,1,0.992796003818512,1,True,correct
e:\Ayusman SDP Lab 3\Dataset\test\dogs\dog_360.jpg,1,0.9993671178817749,1,True,correct
e:\Ayusman SDP Lab 3\Dataset\test\dogs\dog_364.jpg,1,0.9983423352241516,1,True,correct
e:\Ayusman SDP Lab 3\Dataset\test\dogs\dog_369.jpg,1,0.8415756821632385,1,True,correct
e:\Ayusman SDP Lab 3\Dataset\test\dogs\dog_377.jpg,1,0.9971215128898621,1,True,correct
e:\Ayusman SDP Lab 3\Dataset\test\dogs\dog_380.jpg,1,0.9296510815620422,1,True,correct
e:\Ayusman SDP Lab 3\Dataset\test\dogs\dog_398.jpg,1,0.9200992584228516,1,True,correct
e:\Ayusman SDP Lab 3\Dataset\test\dogs\dog_415.jpg,1,0.9724298715591431,1,True,correct
e:\Ayusman SDP Lab 3\Dataset\test\dogs\dog_421.jpg,1,0.6560177206993103,1,True,correct
e:\Ayusman SDP Lab 3\Dataset\test\dogs\dog_43.jpg,1,0.8346632122993469,1,True,correct
e:\Ayusman SDP Lab 3\Dataset\test\dogs\dog_44.jpg,1,0.9913706183433533,1,True,correct
e:\Ayusman SDP Lab 3\Dataset\test\dogs\dog_442.jpg,1,0.39089474081993103,0,False,false_negative_dog_to_cat
e:\Ayusman SDP Lab 3\Dataset\test\dogs\dog_443.jpg,1,0.9833818078041077,1,True,correct
e:\Ayusman SDP Lab 3\Dataset\test\dogs\dog_461.jpg,1,0.9618836045265198,1,True,correct
e:\Ayusman SDP Lab 3\Dataset\test\dogs\dog_462.jpg,1,0.9481265544891357,1,True,correct
e:\Ayusman SDP Lab 3\Dataset\test\dogs\dog_464.jpg,1,0.9913544058799744,1,True,correct
e:\Ayusman SDP Lab 3\Dataset\test\dogs\dog_472.jpg,1,0.9944102168083191,1,True,correct
e:\Ayusman SDP Lab 3\Dataset\test\dogs\dog_476.jpg,1,0.9362722039222717,1,True,correct
e:\Ayusman SDP Lab 3\Dataset\test\dogs\dog_482.jpg,1,0.9991425275802612,1,True,correct
e:\Ayusman SDP Lab 3\Dataset\test\dogs\dog_517.jpg,1,0.9982954859733582,1,True,correct
e:\Ayusman SDP Lab 3\Dataset\test\dogs\dog_518.jpg,1,0.9959231615066528,1,True,correct
e:\Ayusman SDP Lab 3\Dataset\test\dogs\dog_519.jpg,1,0.9914408326148987,1,True,correct
e:\Ayusman SDP Lab 3\Dataset\test\dogs\dog_520.jpg,1,0.9994054436683655,1,True,correct
e:\Ayusman SDP Lab 3\Dataset\test\dogs\dog_521.jpg,1,0.606594443321228,1,True,correct
e:\Ayusman SDP Lab 3\Dataset\test\dogs\dog_522.jpg,1,0.9338076114654541,1,True,correct
e:\Ayusman SDP Lab 3\Dataset\test\dogs\dog_528.jpg,1,0.9987131357192993,1,True,correct
e:\Ayusman SDP Lab 3\Dataset\test\dogs\dog_534.jpg,1,0.9511986970901489,1,True,correct
e:\Ayusman SDP Lab 3\Dataset\test\dogs\dog_536.jpg,1,0.9995694160461426,1,True,correct
e:\Ayusman SDP Lab 3\Dataset\test\dogs\dog_551.jpg,1,0.9993045926094055,1,True,correct
e:\Ayusman SDP Lab 3\Dataset\test\dogs\dog_563.jpg,1,0.6659443378448486,1,True,correct
e:\Ayusman SDP Lab 3\Dataset\test\dogs\dog_59.jpg,1,0.9998026490211487,1,True,correct
e:\Ayusman SDP Lab 3\Dataset\test\dogs\dog_68.jpg,1,0.9622170925140381,1,True,correct
e:\Ayusman SDP Lab 3\Dataset\test\dogs\dog_75.jpg,1,0.9985486268997192,1,True,correct
e:\Ayusman SDP Lab 3\Dataset\test\dogs\dog_89.jpg,1,0.9590956568717957,1,True,correct
