Model,Config #,LR,Dropout,Dense Units,Unfreeze N,Best Val Accuracy
EfficientNetB0,2,0.0001,0.5,128,15,0.9639639854431152
EfficientNetB0,3,1e-05,0.5,64,15,0.954954981803894
EfficientNetB0,5,0.0001,0.3,64,7,0.954954981803894
EfficientNetB0,1,1e-05,0.3,128,15,0.9459459185600281
EfficientNetB0,4,1e-05,0.3,128,22,0.9459459185600281
MobileNetV2,1,1e-05,0.3,128,20,0.9819819927215576
MobileNetV2,2,0.0001,0.5,128,20,0.9819819927215576
MobileNetV2,4,1e-05,0.3,128,30,0.9819819927215576
MobileNetV2,5,0.0001,0.3,64,10,0.9729729890823364
MobileNetV2,3,1e-05,0.5,64,20,0.9639639854431152
